{
	"providers":[
		{
            "type": "bitmap",
            "file": "hjd:display/vehicle_health/empty.png",
			"height": 3,
			"ascent": -32,
            "chars": [
               "\u0040"
            ]
		},{
            "type": "bitmap",
            "file": "hjd:display/vehicle_health/empty.png",
			"height": -3,
			"ascent": -10000,
            "chars": [
               "\u0041"
            ]
		},{
            "type": "bitmap",
            "file": "hjd:display/vehicle_health/empty.png",
			"height": 3,
			"ascent": -10000,
            "chars": [
               "\u0042"
            ]
		},{
            "type": "bitmap",
            "file": "hjd:display/vehicle_health/empty2.png",
			"height": 3,
			"ascent": -32,
            "chars": [
               "\u0043"
            ]
		},{
            "type": "bitmap",
            "file": "hjd:display/vehicle_health/bar.png",
			"height": -3,
			"ascent": -35,
            "chars": [
               "\u0039",
               "\u0038",
               "\u0037",
               "\u0036",
               "\u0035",
               "\u0034",
               "\u0033",
               "\u0032",
               "\u0030"
            ]
		},{
            "type": "bitmap",
            "file": "hjd:display/vehicle_health/bar.png",
			"height": -3,
			"ascent": -35,
            "chars": [
               "\u0000",
               "\u0000",
               "\u0000",
               "\u0000",
               "\u0000",
               "\u0000",
               "\u0000",
               "\u0000",
               "\u0031"
            ]
		},{
            "type": "bitmap",
            "file": "hjd:display/vehicle_health/-.png",
			"height": 3,
			"ascent": -32,
            "chars": [
               "\u002d"
            ]
		}
	]
}