{
	"providers":[
		{
            "type": "bitmap",
            "file": "hjd:display/food/bar2.png",
			"height": -3,
			"ascent": -35,
            "chars": [
               "\u0039",
               "\u0038",
               "\u0037",
               "\u0036",
               "\u0035",
               "\u0034",
               "\u0033",
               "\u0032",
               "\u0030"
            ]
		},{
            "type": "bitmap",
            "file": "hjd:display/food/bar2.png",
			"height": -3,
			"ascent": -35,
            "chars": [
               "\u0000",
               "\u0000",
               "\u0000",
               "\u0000",
               "\u0000",
               "\u0000",
               "\u0000",
               "\u0000",
               "\u0031"
            ]
		},{
            "type": "bitmap",
            "file": "hjd:display/food/-2.png",
			"height": 3,
			"ascent": -32,
            "chars": [
               "\u002d"
            ]
		}
	]
}