{
	"providers":[
		{
            "type": "bitmap",
            "file": "hjd:display/pixel1.png",
			"height": -1,
			"ascent": -1000,
            "chars": [
                "\u0030"
            ]
		},{
            "type": "bitmap",
            "file": "hjd:display/pixel12.png",
			"height": -1,
			"ascent": -1000,
            "chars": [
                "\u0031"
            ]
		},{
            "type": "bitmap",
            "file": "hjd:display/pixel5.png",
			"height": 1,
			"ascent": -1000,
            "chars": [
                "\u0032"
            ]
		}
	]
}