{
	"providers":[
		{
            "type": "bitmap",
            "file": "hjd:display/pixel12.png",
			"height": -1,
			"ascent": -10000,
            "chars": [
                "\u0030"
            ]
		},{
            "type": "bitmap",
            "file": "hjd:display/pixel12.png",
			"height": -1,
			"ascent": -10000,
            "chars": [
                "\u0031"
            ]
		},{
            "type": "bitmap",
            "file": "hjd:display/pixel12.png",
			"height": -1,
			"ascent": -10000,
            "chars": [
                "\u0032"
            ]
		},{
            "type": "bitmap",
            "file": "hjd:display/pixel12.png",
			"height": -1,
			"ascent": -10000,
            "chars": [
                "\u0033"
            ]
		},{
            "type": "bitmap",
            "file": "hjd:display/pixel12.png",
			"height": -1,
			"ascent": -10000,
            "chars": [
                "\u0034"
            ]
		},{
            "type": "bitmap",
            "file": "hjd:display/pixel12.png",
			"height": -1,
			"ascent": -10000,
            "chars": [
                "\u0035"
            ]
		},{
            "type": "bitmap",
            "file": "hjd:display/pixel12.png",
			"height": -1,
			"ascent": -10000,
            "chars": [
                "\u0036"
            ]
		},{
            "type": "bitmap",
            "file": "hjd:display/pixel12.png",
			"height": -1,
			"ascent": -10000,
            "chars": [
                "\u0037"
            ]
		},{
            "type": "bitmap",
            "file": "hjd:display/pixel12.png",
			"height": -1,
			"ascent": -10000,
            "chars": [
                "\u0038"
            ]
		},{
            "type": "bitmap",
            "file": "hjd:display/pixel12.png",
			"height": -1,
			"ascent": -10000,
            "chars": [
                "\u0039"
            ]
		}
	]
}